Workbook

Sheet Sheet1
A1: Country | B1: ISO2 | C1: Indicator | D1: Unit | E1: Year | F1: Value | G1: pais_id | H1: indicador_code | I1: indicador_id | J1: Daño total ajustado (MUS) | K1: PIB 2024
A2: Afghanistan, Islamic Rep. of | B2: AF | C2: Climate related disasters frequency, Number of Disasters: Flood | D2: Number of | E2: 1980 | F2: 1 | G2: AF | H2: desastres_inundacion | I2: =VLOOKUP(H2,Hoja3!$J$1:$K$25,2,FALSE) -> 7 | K2: 17233052
A3: Afghanistan, Islamic Rep. of | B3: AF | C3: Climate related disasters frequency, Number of Disasters: TOTAL | D3: Number of | E3: 1980 | F3: 1 | G3: AF | H3: desastres_total | I3: =VLOOKUP(H3,Hoja3!$J$1:$K$25,2,FALSE) -> 10 | K3: 17233052
A4: Afghanistan, Islamic Rep. of | B4: AF | C4: Climate related disasters frequency, Number of People Affected: Flood | D4: Number of | E4: 1980 | F4: 30000 | G4: AF | H4: afectados_inundacion | I4: =VLOOKUP(H4,Hoja3!$J$1:$K$25,2,FALSE) -> 14 | K4: 17233052
A5: Afghanistan, Islamic Rep. of | B5: AF | C5: Climate related disasters frequency, Number of People Affected: TOTAL | D5: Number of | E5: 1980 | F5: 30000 | G5: AF | H5: afectados_total | I5: =VLOOKUP(H5,Hoja3!$J$1:$K$25,2,FALSE) -> 17 | K5: 17233052
A6: Argentina | B6: AR | C6: Climate related disasters frequency, Number of Disasters: Flood | D6: Number of | E6: 1980 | F6: 2 | G6: AR | H6: desastres_inundacion | I6: =VLOOKUP(H6,Hoja3!$J$1:$K$25,2,FALSE) -> 7 | K6: 6.4607528e+08
A7: Argentina | B7: AR | C7: Climate related disasters frequency, Number of Disasters: TOTAL | D7: Number of | E7: 1980 | F7: 2 | G7: AR | H7: desastres_total | I7: =VLOOKUP(H7,Hoja3!$J$1:$K$25,2,FALSE) -> 10 | K7: 6.4607528e+08
A8: Argentina | B8: AR | C8: Climate related disasters frequency, Number of People Affected: Flood | D8: Number of | E8: 1980 | F8: 40000 | G8: AR | H8: afectados_inundacion | I8: =VLOOKUP(H8,Hoja3!$J$1:$K$25,2,FALSE) -> 14 | K8: 6.4607528e+08
A9: Argentina | B9: AR | C9: Climate related disasters frequency, Number of People Affected: TOTAL | D9: Number of | E9: 1980 | F9: 40000 | G9: AR | H9: afectados_total | I9: =VLOOKUP(H9,Hoja3!$J$1:$K$25,2,FALSE) -> 17 | K9: 6.4607528e+08
A10: Austria | B10: AT | C10: Climate related disasters frequency, Number of Disasters: Flood | D10: Number of | E10: 1980 | F10: 1 | G10: AT | H10: desastres_inundacion | I10: =VLOOKUP(H10,Hoja3!$J$1:$K$25,2,FALSE) -> 7 | K10: 5.116852e+08
A11: Austria | B11: AT | C11: Climate related disasters frequency, Number of Disasters: TOTAL | D11: Number of | E11: 1980 | F11: 1 | G11: AT | H11: desastres_total | I11: =VLOOKUP(H11,Hoja3!$J$1:$K$25,2,FALSE) -> 10 | K11: 5.116852e+08
A12: Austria | B12: AT | C12: Climate related disasters frequency, Number of People Affected: Flood | D12: Number of | E12: 1980 | F12: 0 | G12: AT | H12: afectados_inundacion | I12: =VLOOKUP(H12,Hoja3!$J$1:$K$25,2,FALSE) -> 14 | K12: 5.116852e+08
A13: Austria | B13: AT | C13: Climate related disasters frequency, Number of People Affected: TOTAL | D13: Number of | E13: 1980 | F13: 0 | G13: AT | H13: afectados_total | I13: =VLOOKUP(H13,Hoja3!$J$1:$K$25,2,FALSE) -> 17 | K13: 5.116852e+08
A14: Bangladesh | B14: BD | C14: Climate related disasters frequency, Number of Disasters: Flood | D14: Number of | E14: 1980 | F14: 1 | G14: BD | H14: desastres_inundacion | I14: =VLOOKUP(H14,Hoja3!$J$1:$K$25,2,FALSE) -> 7 | J14: 570978 | K14: 4.3741533e+08
A15: Bangladesh | B15: BD | C15: Climate related disasters frequency, Number of Disasters: Storm | D15: Number of | E15: 1980 | F15: 1 | G15: BD | H15: desastres_tormenta | I15: =VLOOKUP(H15,Hoja3!$J$1:$K$25,2,FALSE) -> 9 | K15: 4.3741533e+08
A16: Bangladesh | B16: BD | C16: Climate related disasters frequency, Number of Disasters: TOTAL | D16: Number of | E16: 1980 | F16: 2 | G16: BD | H16: desastres_total | I16: =VLOOKUP(H16,Hoja3!$J$1:$K$25,2,FALSE) -> 10 | K16: 4.3741533e+08
A17: Bangladesh | B17: BD | C17: Climate related disasters frequency, Number of People Affected: Flood | D17: Number of | E17: 1980 | F17: 10000000 | G17: BD | H17: afectados_inundacion | I17: =VLOOKUP(H17,Hoja3!$J$1:$K$25,2,FALSE) -> 14 | K17: 4.3741533e+08
A18: Bangladesh | B18: BD | C18: Climate related disasters frequency, Number of People Affected: Storm | D18: Number of | E18: 1980 | F18: 1050 | G18: BD | H18: afectados_tormenta | I18: =VLOOKUP(H18,Hoja3!$J$1:$K$25,2,FALSE) -> 16 | K18: 4.3741533e+08
A19: Bangladesh | B19: BD | C19: Climate related disasters frequency, Number of People Affected: TOTAL | D19: Number of | E19: 1980 | F19: 10001050 | G19: BD | H19: afectados_total | I19: =VLOOKUP(H19,Hoja3!$J$1:$K$25,2,FALSE) -> 17 | K19: 4.3741533e+08
A20: Barbados | B20: BB | C20: Climate related disasters frequency, Number of Disasters: Storm | D20: Number of | E20: 1980 | F20: 1 | G20: BB | H20: desastres_tormenta | I20: =VLOOKUP(H20,Hoja3!$J$1:$K$25,2,FALSE) -> 9 | J20: 5710 | K20: 6720733.2
A21: Barbados | B21: BB | C21: Climate related disasters frequency, Number of Disasters: TOTAL | D21: Number of | E21: 1980 | F21: 1 | G21: BB | H21: desastres_total | I21: =VLOOKUP(H21,Hoja3!$J$1:$K$25,2,FALSE) -> 10 | K21: 6720733.2
A22: Barbados | B22: BB | C22: Climate related disasters frequency, Number of People Affected: Storm | D22: Number of | E22: 1980 | F22: 5007 | G22: BB | H22: afectados_tormenta | I22: =VLOOKUP(H22,Hoja3!$J$1:$K$25,2,FALSE) -> 16 | K22: 6720733.2
A23: Barbados | B23: BB | C23: Climate related disasters frequency, Number of People Affected: TOTAL | D23: Number of | E23: 1980 | F23: 5007 | G23: BB | H23: afectados_total | I23: =VLOOKUP(H23,Hoja3!$J$1:$K$25,2,FALSE) -> 17 | K23: 6720733.2
A24: Bolivia | B24: BO | C24: Climate related disasters frequency, Number of Disasters: Flood | D24: Number of | E24: 1980 | F24: 1 | G24: BO | H24: desastres_inundacion | I24: =VLOOKUP(H24,Hoja3!$J$1:$K$25,2,FALSE) -> 7 | K24: 45135398
A25: Bolivia | B25: BO | C25: Climate related disasters frequency, Number of Disasters: TOTAL | D25: Number of | E25: 1980 | F25: 1 | G25: BO | H25: desastres_total | I25: =VLOOKUP(H25,Hoja3!$J$1:$K$25,2,FALSE) -> 10 | K25: 45135398
A26: Bolivia | B26: BO | C26: Climate related disasters frequency, Number of People Affected: Flood | D26: Number of | E26: 1980 | F26: 15000 | G26: BO | H26: afectados_inundacion | I26: =VLOOKUP(H26,Hoja3!$J$1:$K$25,2,FALSE) -> 14 | K26: 45135398
A27: Bolivia | B27: BO | C27: Climate related disasters frequency, Number of People Affected: TOTAL | D27: Number of | E27: 1980 | F27: 15000 | G27: BO | H27: afectados_total | I27: =VLOOKUP(H27,Hoja3!$J$1:$K$25,2,FALSE) -> 17 | K27: 45135398
A28: Brazil | B28: BR | C28: Climate related disasters frequency, Number of Disasters: Flood | D28: Number of | E28: 1980 | F28: 2 | G28: BR | H28: desastres_inundacion | I28: =VLOOKUP(H28,Hoja3!$J$1:$K$25,2,FALSE) -> 7 | K28: 2.1736657e+09
A29: Brazil | B29: BR | C29: Climate related disasters frequency, Number of Disasters: Storm | D29: Number of | E29: 1980 | F29: 1 | G29: BR | H29: desastres_tormenta | I29: =VLOOKUP(H29,Hoja3!$J$1:$K$25,2,FALSE) -> 9 | K29: 2.1736657e+09
A30: Brazil | B30: BR | C30: Climate related disasters frequency, Number of Disasters: TOTAL | D30: Number of | E30: 1980 | F30: 3 | G30: BR | H30: desastres_total | I30: =VLOOKUP(H30,Hoja3!$J$1:$K$25,2,FALSE) -> 10 | K30: 2.1736657e+09
A31: Brazil | B31: BR | C31: Climate related disasters frequency, Number of People Affected: Flood | D31: Number of | E31: 1980 | F31: 271000 | G31: BR | H31: afectados_inundacion | I31: =VLOOKUP(H31,Hoja3!$J$1:$K$25,2,FALSE) -> 14 | K31: 2.1736657e+09
A32: Brazil | B32: BR | C32: Climate related disasters frequency, Number of People Affected: Storm | D32: Number of | E32: 1980 | F32: 48 | G32: BR | H32: afectados_tormenta | I32: =VLOOKUP(H32,Hoja3!$J$1:$K$25,2,FALSE) -> 16 | K32: 2.1736657e+09
... A75: Dominica | B75: DM | C75: Climate related disasters frequency, Number of People Affected: TOTAL | D75: Number of | E75: 1980 | F75: 0 | G75: DM | H75: afectados_total | I75: =VLOOKUP(H75,Hoja3!$J$1:$K$25,2,FALSE) -> 17 | K75: 653992.59
A76: Dominican Rep. | B76: DO | C76: Climate related disasters frequency, Number of Disasters: Storm | D76: Number of | E76: 1980 | F76: 1 | G76: DO | H76: desastres_tormenta | I76: =VLOOKUP(H76,Hoja3!$J$1:$K$25,2,FALSE) -> 9 | J76: 178906 | K76: 1.2144428e+08
A77: Dominican Rep. | B77: DO | C77: Climate related disasters frequency, Number of Disasters: TOTAL | D77: Number of | E77: 1980 | F77: 1 | G77: DO | H77: desastres_total | I77: =VLOOKUP(H77,Hoja3!$J$1:$K$25,2,FALSE) -> 10 | K77: 1.2144428e+08
A78: Dominican Rep. | B78: DO | C78: Climate related disasters frequency, Number of People Affected: Storm | D78: Number of | E78: 1980 | F78: 0 | G78: DO | H78: afectados_tormenta | I78: =VLOOKUP(H78,Hoja3!$J$1:$K$25,2,FALSE) -> 16 | K78: 1.2144428e+08
A79: Dominican Rep. | B79: DO | C79: Climate related disasters frequency, Number of People Affected: TOTAL | D79: Number of | E79: 1980 | F79: 0 | G79: DO | H79: afectados_total | I79: =VLOOKUP(H79,Hoja3!$J$1:$K$25,2,FALSE) -> 17 | K79: 1.2144428e+08
A80: Fiji, Rep. of | B80: FJ | C80: Climate related disasters frequency, Number of Disasters: Storm | D80: Number of | E80: 1980 | F80: 1 | G80: FJ | H80: desastres_tormenta | I80: =VLOOKUP(H80,Hoja3!$J$1:$K$25,2,FALSE) -> 9 | J80: 8588 | K80: 5442046.6
A81: Fiji, Rep. of | B81: FJ | C81: Climate related disasters frequency, Number of Disasters: TOTAL | D81: Number of | E81: 1980 | F81: 1 | G81: FJ | H81: desastres_total | I81: =VLOOKUP(H81,Hoja3!$J$1:$K$25,2,FALSE) -> 10 | K81: 5442046.6
A82: Fiji, Rep. of | B82: FJ | C82: Climate related disasters frequency, Number of People Affected: Storm | D82: Number of | E82: 1980 | F82: 35250 | G82: FJ | H82: afectados_tormenta | I82: =VLOOKUP(H82,Hoja3!$J$1:$K$25,2,FALSE) -> 16 | K82: 5442046.6
A83: Fiji, Rep. of | B83: FJ | C83: Climate related disasters frequency, Number of People Affected: TOTAL | D83: Number of | E83: 1980 | F83: 35250 | G83: FJ | H83: afectados_total | I83: =VLOOKUP(H83,Hoja3!$J$1:$K$25,2,FALSE) -> 17 | K83: 5442046.6
A84: France | B84: FR | C84: Climate related disasters frequency, Number of Disasters: Flood | D84: Number of | E84: 1980 | F84: 1 | G84: FR | H84: desastres_inundacion | I84: =VLOOKUP(H84,Hoja3!$J$1:$K$25,2,FALSE) -> 7 | K84: 3.0518316e+09
A85: France | B85: FR | C85: Climate related disasters frequency, Number of Disasters: TOTAL | D85: Number of | E85: 1980 | F85: 1 | G85: FR | H85: desastres_total | I85: =VLOOKUP(H85,Hoja3!$J$1:$K$25,2,FALSE) -> 10 | K85: 3.0518316e+09
A86: France | B86: FR | C86: Climate related disasters frequency, Number of People Affected: Flood | D86: Number of | E86: 1980 | F86: 313 | G86: FR | H86: afectados_inundacion | I86: =VLOOKUP(H86,Hoja3!$J$1:$K$25,2,FALSE) -> 14 | K86: 3.0518316e+09
A87: France | B87: FR | C87: Climate related disasters frequency, Number of People Affected: TOTAL | D87: Number of | E87: 1980 | F87: 313 | G87: FR | H87: afectados_total | I87: =VLOOKUP(H87,Hoja3!$J$1:$K$25,2,FALSE) -> 17 | K87: 3.0518316e+09
A88: Gambia, The | B88: GM | C88: Climate related disasters frequency, Number of Disasters: Drought | D88: Number of | E88: 1980 | F88: 1 | G88: GM | H88: desastres_sequia | I88: =VLOOKUP(H88,Hoja3!$J$1:$K$25,2,FALSE) -> 5 | K88: 2396111
A89: Gambia, The | B89: GM | C89: Climate related disasters frequency, Number of Disasters: TOTAL | D89: Number of | E89: 1980 | F89: 1 | G89: GM | H89: desastres_total | I89: =VLOOKUP(H89,Hoja3!$J$1:$K$25,2,FALSE) -> 10 | K89: 2396111
A90: Gambia, The | B90: GM | C90: Climate related disasters frequency, Number of People Affected: Drought | D90: Number of | E90: 1980 | F90: 500000 | G90: GM | H90: afectados_sequia | I90: =VLOOKUP(H90,Hoja3!$J$1:$K$25,2,FALSE) -> 12 | K90: 2396111
A91: Gambia, The | B91: GM | C91: Climate related disasters frequency, Number of People Affected: TOTAL | D91: Number of | E91: 1980 | F91: 500000 | G91: GM | H91: afectados_total | I91: =VLOOKUP(H91,Hoja3!$J$1:$K$25,2,FALSE) -> 17 | K91: 2396111
A92: Grenada | B92: GD | C92: Climate related disasters frequency, Number of Disasters: Storm | D92: Number of | E92: 1980 | F92: 1 | G92: GD | H92: desastres_tormenta | I92: =VLOOKUP(H92,Hoja3!$J$1:$K$25,2,FALSE) -> 9 | J92: 20175 | K92: 1316733.3
A93: Grenada | B93: GD | C93: Climate related disasters frequency, Number of Disasters: TOTAL | D93: Number of | E93: 1980 | F93: 1 | G93: GD | H93: desastres_total | I93: =VLOOKUP(H93,Hoja3!$J$1:$K$25,2,FALSE) -> 10 | K93: 1316733.3
A94: Grenada | B94: GD | C94: Climate related disasters frequency, Number of People Affected: Storm | D94: Number of | E94: 1980 | F94: 0 | G94: GD | H94: afectados_tormenta | I94: =VLOOKUP(H94,Hoja3!$J$1:$K$25,2,FALSE) -> 16 | K94: 1316733.3
A95: Grenada | B95: GD | C95: Climate related disasters frequency, Number of People Affected: TOTAL | D95: Number of | E95: 1980 | F95: 0 | G95: GD | H95: afectados_total | I95: =VLOOKUP(H95,Hoja3!$J$1:$K$25,2,FALSE) -> 17 | K95: 1316733.3
A96: Haiti | B96: HT | C96: Climate related disasters frequency, Number of Disasters: Drought | D96: Number of | E96: 1980 | F96: 1 | G96: HT | H96: desastres_sequia | I96: =VLOOKUP(H96,Hoja3!$J$1:$K$25,2,FALSE) -> 5 | K96: 19850830
A97: Haiti | B97: HT | C97: Climate related disasters frequency, Number of Disasters: Storm | D97: Number of | E97: 1980 | F97: 1 | G97: HT | H97: desastres_tormenta | I97: =VLOOKUP(H97,Hoja3!$J$1:$K$25,2,FALSE) -> 9 | J97: 1522608 | K97: 19850830
A98: Haiti | B98: HT | C98: Climate related disasters frequency, Number of Disasters: TOTAL | D98: Number of | E98: 1980 | F98: 2 | G98: HT | H98: desastres_total | I98: =VLOOKUP(H98,Hoja3!$J$1:$K$25,2,FALSE) -> 10 | K98: 19850830
A99: Haiti | B99: HT | C99: Climate related disasters frequency, Number of People Affected: Drought | D99: Number of | E99: 1980 | F99: 103000 | G99: HT | H99: afectados_sequia | I99: =VLOOKUP(H99,Hoja3!$J$1:$K$25,2,FALSE) -> 12 | K99: 19850830
A100: Haiti | B100: HT | C100: Climate related disasters frequency, Number of People Affected: Storm | D100: Number of | E100: 1980 | F100: 1165000 | G100: HT | H100: afectados_tormenta | I100: =VLOOKUP(H100,Hoja3!$J$1:$K$25,2,FALSE) -> 16 | K100: 19850830
A101: Haiti | B101: HT | C101: Climate related disasters frequency, Number of People Affected: TOTAL | D101: Number of | E101: 1980 | F101: 1268000 | G101: HT | H101: afectados_total | I101: =VLOOKUP(H101,Hoja3!$J$1:$K$25,2,FALSE) -> 17 | K101: 19850830
A102: India | B102: IN | C102: Climate related disasters frequency, Number of Disasters: Extreme temperature | D102: Number of | E102: 1980 | F102: 2 | G102: IN | H102: desastres_temp_extrema | I102: =VLOOKUP(H102,Hoja3!$J$1:$K$25,2,FALSE) -> 6 | K102: 3.5675517e+09
A103: India | B103: IN | C103: Climate related disasters frequency, Number of Disasters: Flood | D103: Number of | E103: 1980 | F103: 5 | G103: IN | H103: desastres_inundacion | I103: =VLOOKUP(H103,Hoja3!$J$1:$K$25,2,FALSE) -> 7 | K103: 3.5675517e+09
A104: India | B104: IN | C104: Climate related disasters frequency, Number of Disasters: Landslide | D104: Number of | E104: 1980 | F104: 1 | G104: IN | H104: desastres_deslizamiento | I104: =VLOOKUP(H104,Hoja3!$J$1:$K$25,2,FALSE) -> 8 | K104: 3.5675517e+09
A105: India | B105: IN | C105: Climate related disasters frequency, Number of Disasters: Storm | D105: Number of | E105: 1980 | F105: 2 | G105: IN | H105: desastres_tormenta | I105: =VLOOKUP(H105,Hoja3!$J$1:$K$25,2,FALSE) -> 9 | K105: 3.5675517e+09
A106: India | B106: IN | C106: Climate related disasters frequency, Number of Disasters: TOTAL | D106: Number of | E106: 1980 | F106: 10 | G106: IN | H106: desastres_total | I106: =VLOOKUP(H106,Hoja3!$J$1:$K$25,2,FALSE) -> 10 | K106: 3.5675517e+09
A107: India | B107: IN | C107: Climate related disasters frequency, Number of People Affected: Extreme temperature | D107: Number of | E107: 1980 | F107: 0 | G107: IN | H107: afectados_temp_extrema | I107: =VLOOKUP(H107,Hoja3!$J$1:$K$25,2,FALSE) -> 13 | K107: 3.5675517e+09
A108: India | B108: IN | C108: Climate related disasters frequency, Number of People Affected: Flood | D108: Number of | E108: 1980 | F108: 32051023 | G108: IN | H108: afectados_inundacion | I108: =VLOOKUP(H108,Hoja3!$J$1:$K$25,2,FALSE) -> 14 | K108: 3.5675517e+09
A109: India | B109: IN | C109: Climate related disasters frequency, Number of People Affected: Landslide | D109: Number of | E109: 1980 | F109: 0 | G109: IN | H109: afectados_deslizamiento | I109: =VLOOKUP(H109,Hoja3!$J$1:$K$25,2,FALSE) -> 15 | K109: 3.5675517e+09
... A111: India | B111: IN | C111: Climate related disasters frequency, Number of People Affected: TOTAL | D111: Number of | E111: 1980 | F111: 32051023 | G111: IN | H111: afectados_total | I111: =VLOOKUP(H111,Hoja3!$J$1:$K$25,2,FALSE) -> 17 | K111: 3.5675517e+09
A112: Indonesia | B112: ID | C112: Climate related disasters frequency, Number of Disasters: Flood | D112: Number of | E112: 1980 | F112: 1 | G112: ID | H112: desastres_inundacion | I112: =VLOOKUP(H112,Hoja3!$J$1:$K$25,2,FALSE) -> 7 | J112: 12942 | K112: 1.3711712e+09
A113: Indonesia | B113: ID | C113: Climate related disasters frequency, Number of Disasters: Landslide | D113: Number of | E113: 1980 | F113: 1 | G113: ID | H113: desastres_deslizamiento | I113: =VLOOKUP(H113,Hoja3!$J$1:$K$25,2,FALSE) -> 8 | K113: 1.3711712e+09
A114: Indonesia | B114: ID | C114: Climate related disasters frequency, Number of Disasters: Storm | D114: Number of | E114: 1980 | F114: 1 | G114: ID | H114: desastres_tormenta | I114: =VLOOKUP(H114,Hoja3!$J$1:$K$25,2,FALSE) -> 9 | K114: 1.3711712e+09
A115: Indonesia | B115: ID | C115: Climate related disasters frequency, Number of Disasters: TOTAL | D115: Number of | E115: 1980 | F115: 3 | G115: ID | H115: desastres_total | I115: =VLOOKUP(H115,Hoja3!$J$1:$K$25,2,FALSE) -> 10 | K115: 1.3711712e+09
A116: Indonesia | B116: ID | C116: Climate related disasters frequency, Number of People Affected: Flood | D116: Number of | E116: 1980 | F116: 2946 | G116: ID | H116: afectados_inundacion | I116: =VLOOKUP(H116,Hoja3!$J$1:$K$25,2,FALSE) -> 14 | K116: 1.3711712e+09
A117: Indonesia | B117: ID | C117: Climate related disasters frequency, Number of People Affected: Landslide | D117: Number of | E117: 1980 | F117: 3010 | G117: ID | H117: afectados_deslizamiento | I117: =VLOOKUP(H117,Hoja3!$J$1:$K$25,2,FALSE) -> 15 | K117: 1.3711712e+09
A118: Indonesia | B118: ID | C118: Climate related disasters frequency, Number of People Affected: Storm | D118: Number of | E118: 1980 | F118: 800 | G118: ID | H118: afectados_tormenta | I118: =VLOOKUP(H118,Hoja3!$J$1:$K$25,2,FALSE) -> 16 | K118: 1.3711712e+09
A119: Indonesia | B119: ID | C119: Climate related disasters frequency, Number of People Affected: TOTAL | D119: Number of | E119: 1980 | F119: 6756 | G119: ID | H119: afectados_total | I119: =VLOOKUP(H119,Hoja3!$J$1:$K$25,2,FALSE) -> 17 | K119: 1.3711712e+09
A120: Iran, Islamic Rep. of | B120: IR | C120: Climate related disasters frequency, Number of Disasters: Flood | D120: Number of | E120: 1980 | F120: 2 | G120: IR | H120: desastres_inundacion | I120: =VLOOKUP(H120,Hoja3!$J$1:$K$25,2,FALSE) -> 7 | K120: 4.0462566e+08
A121: Iran, Islamic Rep. of | B121: IR | C121: Climate related disasters frequency, Number of Disasters: TOTAL | D121: Number of | E121: 1980 | F121: 2 | G121: IR | H121: desastres_total | I121: =VLOOKUP(H121,Hoja3!$J$1:$K$25,2,FALSE) -> 10 | K121: 4.0462566e+08
A122: Iran, Islamic Rep. of | B122: IR | C122: Climate related disasters frequency, Number of People Affected: Flood | D122: Number of | E122: 1980 | F122: 950100 | G122: IR | H122: afectados_inundacion | I122: =VLOOKUP(H122,Hoja3!$J$1:$K$25,2,FALSE) -> 14 | K122: 4.0462566e+08
A123: Iran, Islamic Rep. of | B123: IR | C123: Climate related disasters frequency, Number of People Affected: TOTAL | D123: Number of | E123: 1980 | F123: 950100 | G123: IR | H123: afectados_total | I123: =VLOOKUP(H123,Hoja3!$J$1:$K$25,2,FALSE) -> 17 | K123: 4.0462566e+08
A124: Jamaica | B124: JM | C124: Climate related disasters frequency, Number of Disasters: Storm | D124: Number of | E124: 1980 | F124: 1 | G124: JM | H124: desastres_tormenta | I124: =VLOOKUP(H124,Hoja3!$J$1:$K$25,2,FALSE) -> 9 | J124: 243617 | K124: 19423355
A125: Jamaica | B125: JM | C125: Climate related disasters frequency, Number of Disasters: TOTAL | D125: Number of | E125: 1980 | F125: 1 | G125: JM | H125: desastres_total | I125: =VLOOKUP(H125,Hoja3!$J$1:$K$25,2,FALSE) -> 10 | K125: 19423355
A126: Jamaica | B126: JM | C126: Climate related disasters frequency, Number of People Affected: Storm | D126: Number of | E126: 1980 | F126: 30009 | G126: JM | H126: afectados_tormenta | I126: =VLOOKUP(H126,Hoja3!$J$1:$K$25,2,FALSE) -> 16 | K126: 19423355
A127: Jamaica | B127: JM | C127: Climate related disasters frequency, Number of People Affected: TOTAL | D127: Number of | E127: 1980 | F127: 30009 | G127: JM | H127: afectados_total | I127: =VLOOKUP(H127,Hoja3!$J$1:$K$25,2,FALSE) -> 17 | K127: 19423355
A128: Japan | B128: JP | C128: Climate related disasters frequency, Number of Disasters: Flood | D128: Number of | E128: 1980 | F128: 1 | G128: JP | H128: desastres_inundacion | I128: =VLOOKUP(H128,Hoja3!$J$1:$K$25,2,FALSE) -> 7 | K128: 4.2044948e+09
A129: Japan | B129: JP | C129: Climate related disasters frequency, Number of Disasters: Storm | D129: Number of | E129: 1980 | F129: 1 | G129: JP | H129: desastres_tormenta | I129: =VLOOKUP(H129,Hoja3!$J$1:$K$25,2,FALSE) -> 9 | K129: 4.2044948e+09
A130: Japan | B130: JP | C130: Climate related disasters frequency, Number of Disasters: TOTAL | D130: Number of | E130: 1980 | F130: 2 | G130: JP | H130: desastres_total | I130: =VLOOKUP(H130,Hoja3!$J$1:$K$25,2,FALSE) -> 10 | K130: 4.2044948e+09
A131: Japan | B131: JP | C131: Climate related disasters frequency, Number of People Affected: Flood | D131: Number of | E131: 1980 | F131: 0 | G131: JP | H131: afectados_inundacion | I131: =VLOOKUP(H131,Hoja3!$J$1:$K$25,2,FALSE) -> 14 | K131: 4.2044948e+09
A132: Japan | B132: JP | C132: Climate related disasters frequency, Number of People Affected: Storm | D132: Number of | E132: 1980 | F132: 17033 | G132: JP | H132: afectados_tormenta | I132: =VLOOKUP(H132,Hoja3!$J$1:$K$25,2,FALSE) -> 16 | K132: 4.2044948e+09
A133: Japan | B133: JP | C133: Climate related disasters frequency, Number of People Affected: TOTAL | D133: Number of | E133: 1980 | F133: 17033 | G133: JP | H133: afectados_total | I133: =VLOOKUP(H133,Hoja3!$J$1:$K$25,2,FALSE) -> 17 | K133: 4.2044948e+09
A134: Korea, Rep. of | B134: KR | C134: Climate related disasters frequency, Number of Disasters: Storm | D134: Number of | E134: 1980 | F134: 2 | G134: KR | H134: desastres_tormenta | I134: =VLOOKUP(H134,Hoja3!$J$1:$K$25,2,FALSE) -> 9 | K134: 1.7127929e+09
A135: Korea, Rep. of | B135: KR | C135: Climate related disasters frequency, Number of Disasters: TOTAL | D135: Number of | E135: 1980 | F135: 2 | G135: KR | H135: desastres_total | I135: =VLOOKUP(H135,Hoja3!$J$1:$K$25,2,FALSE) -> 10 | K135: 1.7127929e+09
A136: Korea, Rep. of | B136: KR | C136: Climate related disasters frequency, Number of People Affected: Storm | D136: Number of | E136: 1980 | F136: 20017 | G136: KR | H136: afectados_tormenta | I136: =VLOOKUP(H136,Hoja3!$J$1:$K$25,2,FALSE) -> 16 | K136: 1.7127929e+09
... A177: Philippines | B177: PH | C177: Climate related disasters frequency, Number of Disasters: Flood | D177: Number of | E177: 1980 | F177: 1 | G177: PH | H177: desastres_inundacion | I177: =VLOOKUP(H177,Hoja3!$J$1:$K$25,2,FALSE) -> 7 | K177: 4.3714637e+08
A178: Philippines | B178: PH | C178: Climate related disasters frequency, Number of Disasters: Storm | D178: Number of | E178: 1980 | F178: 6 | G178: PH | H178: desastres_tormenta | I178: =VLOOKUP(H178,Hoja3!$J$1:$K$25,2,FALSE) -> 9 | J178: 58620 | K178: 4.3714637e+08
A179: Philippines | B179: PH | C179: Climate related disasters frequency, Number of Disasters: TOTAL | D179: Number of | E179: 1980 | F179: 8 | G179: PH | H179: desastres_total | I179: =VLOOKUP(H179,Hoja3!$J$1:$K$25,2,FALSE) -> 10 | K179: 4.3714637e+08
A180: Philippines | B180: PH | C180: Climate related disasters frequency, Number of People Affected: Drought | D180: Number of | E180: 1980 | F180: 1002100 | G180: PH | H180: afectados_sequia | I180: =VLOOKUP(H180,Hoja3!$J$1:$K$25,2,FALSE) -> 12 | K180: 4.3714637e+08
A181: Philippines | B181: PH | C181: Climate related disasters frequency, Number of People Affected: Flood | D181: Number of | E181: 1980 | F181: 25980 | G181: PH | H181: afectados_inundacion | I181: =VLOOKUP(H181,Hoja3!$J$1:$K$25,2,FALSE) -> 14 | K181: 4.3714637e+08
A182: Philippines | B182: PH | C182: Climate related disasters frequency, Number of People Affected: Storm | D182: Number of | E182: 1980 | F182: 1866965 | G182: PH | H182: afectados_tormenta | I182: =VLOOKUP(H182,Hoja3!$J$1:$K$25,2,FALSE) -> 16 | K182: 4.3714637e+08
A183: Philippines | B183: PH | C183: Climate related disasters frequency, Number of People Affected: TOTAL | D183: Number of | E183: 1980 | F183: 2895045 | G183: PH | H183: afectados_total | I183: =VLOOKUP(H183,Hoja3!$J$1:$K$25,2,FALSE) -> 17 | K183: 4.3714637e+08
...

Sheet Hoja1
A1: indicador_code | B1: ingles
A2: desastres_inundacion | B2: Flood
A3: desastres_total | B3: No aplica
A4: afectados_inundacion | B4: No aplica | D4: Flood
A5: afectados_total | B5: No aplica | D5: Storm
A6: desastres_tormenta | B6: Storm | D6: Drought
A7: afectados_tormenta | B7: No aplica | D7: Wildfire
A8: desastres_sequia | B8: Drought | D8: Extreme temperature
A9: afectados_sequia | B9: No aplica | D9: Landslide
A10: desastres_incendios | B10: Wildfire
A11: afectados_incendios | B11: No aplica
A12: desastres_temp_extrema | B12: Extreme temperature
A13: desastres_deslizamiento | B13: Landslide
A14: afectados_temp_extrema | B14: No aplica
A15: afectados_deslizamiento | B15: No aplica

Sheet Hoja2
A1: ISO2 | B1: ISO3
A2: AF | B2: AFG
A3: AF | B3: AFG
A4: AF | B4: AFG
A5: AF | B5: AFG
A6: AF | B6: AFG
A7: AF | B7: AFG
A8: AF | B8: AFG
A9: AF | B9: AFG
A10: AF | B10: AFG
A11: AF | B11: AFG
A12: AF | B12: AFG
... A127: AZ | B127: AZE
B128: AZO
B129: AZO
B130: AZO
B131: AZO
B132: AZO
B133: AZO
A134: BS | B134: BHS
A135: BS | B135: BHS
A136: BS | B136: BHS
A137: BS | B137: BHS
A138: BS | B138: BHS
A139: BS | B139: BHS
A140: BD | B140: BGD
A141: BD | B141: BGD
A142: BD | B142: BGD
A143: BD | B143: BGD
A144: BD | B144: BGD
A145: BD | B145: BGD
... A327: CA | B327: CAN
B328: SPI
B329: SPI
B330: SPI
B331: SPI
B332: SPI
B333: SPI
B334: SPI
B335: SPI
B336: SPI
B337: SPI
A338: KY | B338: CYM
A339: KY | B339: CYM
A340: KY | B340: CYM
A341: KY | B341: CYM
A342: CF | B342: CAF
A343: CF | B343: CAF
A344: CF | B344: CAF
A345: CF | B345: CAF
A346: CF | B346: CAF
A347: CF | B347: CAF
A348: CF | B348: CAF
A349: CF | B349: CAF
... A675: DE | B675: DEU
B676: DDR
B677: DDR
B678: DDR
B679: DDR
B680: DFR
B681: DFR
B682: DFR
B683: DFR
B684: DFR
B685: DFR
B686: DFR
B687: DFR
A688: GH | B688: GHA
A689: GH | B689: GHA
A690: GH | B690: GHA
A691: GH | B691: GHA
A692: GH | B692: GHA
A693: GH | B693: GHA
A694: GH | B694: GHA
A695: GH | B695: GHA
A696: GH | B696: GHA
A697: GH | B697: GHA
A698: GR | B698: GRC
A699: GR | B699: GRC
... A1475: RW | B1475: RWA
B1476: BLM
B1477: BLM
B1478: BLM
B1479: BLM
A1480: SH | B1480: SHN
A1481: SH | B1481: SHN
A1482: SH | B1482: SHN
A1483: SH | B1483: SHN
B1484: MAF
B1485: MAF
B1486: MAF
B1487: MAF
A1488: WS | B1488: WSM
A1489: WS | B1489: WSM
A1490: WS | B1490: WSM
A1491: WS | B1491: WSM
A1492: WS | B1492: WSM
A1493: WS | B1493: WSM
A1494: WS | B1494: WSM
A1495: WS | B1495: WSM
...

Sheet Hoja3
A1: '1' | B1: 'temperaturas' | C1: 'Temperatura media' | D1: '2' | E1: '1' | I1: =SUBSTITUTE(A1,"'","") -> 1 | J1: =TRIM(SUBSTITUTE(B1,"'","")) -> temperaturas | K1: 1
A2: '2' | B2: 'emision_co2' | C2: 'Emisión de CO₂' | D2: '1' | E2: '1' | I2: =SUBSTITUTE(A2,"'","") -> 2 | J2: =TRIM(SUBSTITUTE(B2,"'","")) -> emision_co2 | K2: 2
A3: '3' | B3: 'NY.GDP.MKTP.CD' | C3: 'Producto Interno Bruto (PIB)' | D3: '3' | E3: '2' | I3: =SUBSTITUTE(A3,"'","") -> 3 | J3: =TRIM(SUBSTITUTE(B3,"'","")) -> NY.GDP.MKTP.CD | K3: 3
A4: '4' | B4: 'AG.LND.TOTL.K2' | C4: 'Superficie terrestre total (excluye aguas interiores y ZEE)' | D4: '8' | E4: '3' | I4: =SUBSTITUTE(A4,"'","") -> 4 | J4: =TRIM(SUBSTITUTE(B4,"'","")) -> AG.LND.TOTL.K2 | K4: 4
A5: '5' | B5: 'desastres_sequia' | C5: 'Número de sequías' | D5: '9' | E5: '4' | I5: =SUBSTITUTE(A5,"'","") -> 5 | J5: =TRIM(SUBSTITUTE(B5,"'","")) -> desastres_sequia | K5: 5
A6: '6' | B6: 'desastres_temp_extrema' | C6: 'Número de olas de calor / frío extremo' | D6: '9' | E6: '4' | I6: =SUBSTITUTE(A6,"'","") -> 6 | J6: =TRIM(SUBSTITUTE(B6,"'","")) -> desastres_temp_extrema | K6: 6
A7: '7' | B7: 'desastres_inundacion' | C7: 'Número de inundaciones' | D7: '9' | E7: '4' | I7: =SUBSTITUTE(A7,"'","") -> 7 | J7: =TRIM(SUBSTITUTE(B7,"'","")) -> desastres_inundacion | K7: 7 | L7: desastres_inundacion | N7: =J7=L7 -> TRUE
A8: '8' | B8: 'desastres_deslizamiento' | C8: 'Número de deslizamientos' | D8: '9' | E8: '4' | I8: =SUBSTITUTE(A8,"'","") -> 8 | J8: =TRIM(SUBSTITUTE(B8,"'","")) -> desastres_deslizamiento | K8: 8
A9: '9' | B9: 'desastres_tormenta' | C9: 'Número de tormentas' | D9: '9' | E9: '4' | I9: =SUBSTITUTE(A9,"'","") -> 9 | J9: =TRIM(SUBSTITUTE(B9,"'","")) -> desastres_tormenta | K9: 9
A10: '10' | B10: 'desastres_total' | C10: 'Número total de desastres' | D10: '9' | E10: '4' | I10: =SUBSTITUTE(A10,"'","") -> 10 | J10: =TRIM(SUBSTITUTE(B10,"'","")) -> desastres_total | K10: 10
A11: '11' | B11: 'desastres_incendios' | C11: 'Número de incendios forestales' | D11: '9' | E11: '4' | I11: =SUBSTITUTE(A11,"'","") -> 11 | J11: =TRIM(SUBSTITUTE(B11,"'","")) -> desastres_incendios | K11: 11
A12: '12' | B12: 'afectados_sequia' | C12: 'Personas afectadas por sequías' | D12: '10' | E12: '4' | I12: =SUBSTITUTE(A12,"'","") -> 12 | J12: =TRIM(SUBSTITUTE(B12,"'","")) -> afectados_sequia | K12: 12
A13: '13' | B13: 'afectados_temp_extrema' | C13: 'Personas afectadas por calor / frío extremo' | D13: '10' | E13: '4' | I13: =SUBSTITUTE(A13,"'","") -> 13 | J13: =TRIM(SUBSTITUTE(B13,"'","")) -> afectados_temp_extrema | K13: 13
A14: '14' | B14: 'afectados_inundacion' | C14: 'Personas afectadas por inundaciones' | D14: '10' | E14: '4' | I14: =SUBSTITUTE(A14,"'","") -> 14 | J14: =TRIM(SUBSTITUTE(B14,"'","")) -> afectados_inundacion | K14: 14
A15: '15' | B15: 'afectados_deslizamiento' | C15: 'Personas afectadas por deslizamientos' | D15: '10' | E15: '4' | I15: =SUBSTITUTE(A15,"'","") -> 15 | J15: =TRIM(SUBSTITUTE(B15,"'","")) -> afectados_deslizamiento | K15: 15
A16: '16' | B16: 'afectados_tormenta' | C16: 'Personas afectadas por tormentas' | D16: '10' | E16: '4' | I16: =SUBSTITUTE(A16,"'","") -> 16 | J16: =TRIM(SUBSTITUTE(B16,"'","")) -> afectados_tormenta | K16: 16
A17: '17' | B17: 'afectados_total' | C17: 'Personas afectadas en total' | D17: '10' | E17: '4' | I17: =SUBSTITUTE(A17,"'","") -> 17 | J17: =TRIM(SUBSTITUTE(B17,"'","")) -> afectados_total | K17: 17
A18: '18' | B18: 'afectados_incendios' | C18: 'Personas afectadas por incendios forestales' | D18: '10' | E18: '4' | I18: =SUBSTITUTE(A18,"'","") -> 18 | J18: =TRIM(SUBSTITUTE(B18,"'","")) -> afectados_incendios | K18: 18
A19: '19' | B19: 'costos_sequia' | C19: 'Costos por sequías' | D19: '11' | E19: '4' | I19: =SUBSTITUTE(A19,"'","") -> 19 | J19: =TRIM(SUBSTITUTE(B19,"'","")) -> costos_sequia | K19: 19
... A25: '25' | B25: 'costos_incendios' | C25: 'Costos por incendios forestales' | D25: '11' | E25: '4' | I25: =SUBSTITUTE(A25,"'","") -> 25 | J25: =TRIM(SUBSTITUTE(B25,"'","")) -> costos_incendios | K25: 25
